id,title,description
1,Организация задач,"Скачайте приложения для управления списками, чтобы записывать свои дела и не забывать о важных задачах."
2,Установка напоминаний,"Настройте напоминания на телефоне, чтобы не пропустить важные события и сроки."
3,Использование облачных хранилищ,"Храните файлы в облаке, чтобы иметь к ним доступ с любого устройства."
4,Управление приоритетами,"Определите ключевые задачи на день и расставьте их по приоритетам. Сосредоточьтесь на самых важных делах в первую очередь, чтобы добиться максимального результата."
5,Тайм-трекинг,"Скачайте приложение для отслеживания времени, чтобы понять, как вы проводите свой день."
6,Использование шорткатов,"Выучите горячие клавиши для программ, чтобы работать быстрее."
7,Отключение уведомлений,"Выключите ненужные уведомления на телефоне, чтобы не отвлекаться."
8,Использование голосовых помощников,"Попробуйте голосовых помощников, чтобы управлять задачами с помощью голоса."
9,Виртуальные доски,"Создайте виртуальную доску для идей, чтобы лучше их видеть."
10,Приложения для заметок,"Используйте приложения для заметок, чтобы быстро записывать идеи."
11,Чтение электронных книг,"Читайте электронные книги на спецальном устройстве для чтения электронных книг или в приложениях для телефона, чтобы всегда иметь доступ к литературе."
12,Использование календарей,"Настройте календарь для планирования встреч и событий."
13,Приложения для медитации,"Скачайте приложения для медитации, чтобы расслабиться и сосредоточиться."
14,Образовательные платформы,"Запишитесь на онлайн-курсы, чтобы учиться новому."
15,Использование шаблонов,"Создавайте шаблоны для повторяющихся задач, чтобы сэкономить время."
16,Приложения для фитнеса,"Используйте фитнес-приложения, чтобы следить за своей физической активностью."
17,Установка блокировщиков,"Установите блокировщики сайтов, чтобы не тратить время на соцсети."
18,Регулярные обновления программного обеспечения,"Обновляйте свои приложения и операционную систему, чтобы защитить устройство от уязвимостей и улучшить производительность."
19,Аудиокниги и подкасты,"Слушайте аудиокниги и подкасты, чтобы учиться во время поездок или занятий спортом."
20,Настройка рабочего пространства,"Создайте комфортное и организованное рабочее место, чтобы повысить свою продуктивность и сосредоточенность."
21,Приложения для планирования питания,"Скачайте приложения для планирования еды, чтобы упростить готовку."
22,Использование технологий для сна,"Скачайте приложения для отслеживания сна, чтобы лучше спать."
23,Экономия на покупках,"Установите приложения для сравнения цен, чтобы находить лучшие предложения."
24,Создание резервных копий,"Регулярно делайте резервные копии важных данных, чтобы избежать их потери."
25,Создание графиков,Создавайте графики для анализа данных и визуализации информации.
26,Изучение языков,"Скачайте специальные приложения, чтобы учить языки в удобное для вас время."
27,Системы управления проектами,"Используйте специальные платформы для планирования и управления проектами."
28,Участие в вебинарах,"Посещайте вебинары и онлайн-тренинги, чтобы оставаться в курсе новых трендов и технологий."
29,Использование интеллект-карт,"Создайте интеллект-карты для визуализации идей и планов."
30,Регулярные перерывы,"Не забывайте делать короткие перерывы в работе, чтобы восстановить концентрацию и избежать выгорания."
